intent,scenario,conversation_text,sentiment,user_speech_type
SPEAK_TO_AGENT,"The bank has reached out to a customer about a past-due credit card balance that is now 30 days overdue. The customer is going through a divorce and is struggling to manage their finances, as their soon-to-be-ex-spouse has been withholding financial information and assets. They feel overwhelmed by the situation and are unsure how to proceed with making payments. They request to speak to a human agent to explain their situation, provide documentation of their divorce proceedings, and explore possible hardship relief options.","

Bot: Hello, this is a representative from ABC Bank. We're calling regarding your account, account number: XXXXXXXXX. We noticed your credit card balance is past due and we're reaching out to discuss possible payment arrangements.

User: wut r u caling bout my card i dunt no why im past due i've been payin my billz

Bot: I understand this may be a bit confusing. Can you please tell me a little bit about what's been going on with your account? We're here to help you get back on track.

User: i dont no i dont no whats goin on with my account or my finanzes my ex is bein super mean and not givin me any infomation bout our bank acounts or anythin

Bot: I see. It sounds like you're going through a difficult time. Can you please tell me a little bit more about your situation? We may be able to offer some assistance or hardship relief options to help you manage your payments.

User: i dont no where to start or what to do i just feel so overwhelmed and stressed out about everythin i just want to talk to some1 who can help me

Bot: I completely understand how you're feeling. We're here to listen and help in any way we can. Can you please provide some documentation of your divorce proceedings, such as a copy of your separation agreement or a court order, to our office? This will help us better understand your situation and see what options we may be able to offer you.

User: ok i guess i can do that but how do i send it to u?

Bot: You can either mail it to us at the address on the statement or you can bring it into one of our branch locations. We'll also be happy to accept a copy via email or fax if that's more convenient for you. Which method works best for you?",confused,typos
SPEAK_TO_AGENT,"The bank has reached out to a customer about a past-due credit card balance that is now 30 days overdue. The customer is going through a divorce and is struggling to manage their finances, as their soon-to-be-ex-spouse has been withholding financial information and assets. They feel overwhelmed by the situation and are unsure how to proceed with making payments. They request to speak to a human agent to explain their situation, provide documentation of their divorce proceedings, and explore possible hardship relief options.","

Bot: Hello, this is a representative from [Bank Name]. How can I assist you today?

User: Hi. I got your message about my credit card balance. I'm having some issues with it right now.

Bot: I'd be happy to help you with that. Can you please confirm your account information so I can access your account details?

User: Yeah, I guess that's okay. But I'm going through some stuff right now. My divorce is kinda complicated, and my ex isn't being very cooperative about our finances. I'm trying to get everything sorted out, but it's hard when I don't have access to all the information.

Bot: I'm so sorry to hear that you're going through this. I'm here to listen and help in any way I can. Can you tell me a bit more about your situation? What's the current status of your divorce proceedings, and how is this affecting your ability to make payments on your credit card?

User: Honestly, I'm not really sure. My ex has been withholding all the financial documents and stuff, so I'm having to try and figure everything out on my own. It's really stressful, and I'm worried about how I'm going to catch up on my payments.

Bot: I understand how difficult this must be for you. Can you please provide documentation of your divorce proceedings, such as any court orders or letters from your attorney? This will help me to better understand your situation and see if there are any hardship relief options available to you.

User: Yeah, I can send those over to you. I just want to get everything sorted out and get back on track with my payments.

Bot: That's completely understandable. I'll make sure to review the documentation and see what we can do to assist you. Can you please provide a contact method for me to reach you, such as an email address or phone number?

User: Okay, sure. My email address is [email address]. Can you also let me know what the next steps are and when I can expect to hear back from you?

Bot: I'll send you a confirmation email with the next steps and a timeline for when you can expect to hear back from me. Is there anything else you'd like to discuss or any questions you have before we conclude this conversation?",neutral,casual
SPEAK_TO_AGENT,"The bank has reached out to a customer about a past-due credit card balance that is now 30 days overdue. The customer is going through a divorce and is struggling to manage their finances, as their soon-to-be-ex-spouse has been withholding financial information and assets. They feel overwhelmed by the situation and are unsure how to proceed with making payments. They request to speak to a human agent to explain their situation, provide documentation of their divorce proceedings, and explore possible hardship relief options.","

Bot: Hi, this is a representative from [Bank Name]. How can we assist you today?

User: hi i cant pay my bill rite now cuz of somethin thats goin on w/ my spouse. we r gettin a divorce and they wont give me any info about our finincs.

Bot: I'm so sorry to hear that you're going through a difficult time. Can you please confirm your account information so we can better understand your situation and assist you?

User: ok... i think i can do that... but can i speak w/ a real person pls? this is kinda overwhelmin me and i need to explian things in more detail.

Bot: Of course, I'd be happy to transfer you to a representative who can help you with your account. Please hold for just a moment while I assist you.

User: thx... i appreciate it... can i also send some documnts to you about my divorce? like the court papers and stuff?

Bot: Once you're connected with a representative, they'll be happy to review any documents you'd like to send over. We'll work with you to understand your situation and see if there are any options available to help you manage your payments.

User: ok thats great... thanks again for your help... i just feel really stuck right now.

Bot: You're welcome, and I'm glad we can assist you. We're here to help, and we'll do our best to work with you to find a solution that works for you.",neutral,typos
SPEAK_TO_AGENT,"The bank has reached out to a customer about a past-due credit card balance that is now 30 days overdue. The customer is going through a divorce and is struggling to manage their finances, as their soon-to-be-ex-spouse has been withholding financial information and assets. They feel overwhelmed by the situation and are unsure how to proceed with making payments. They request to speak to a human agent to explain their situation, provide documentation of their divorce proceedings, and explore possible hardship relief options.","

Bot: Hello, this is [Bank Name] calling about your account. We wanted to follow up on a past-due balance that's now 30 days overdue.

User: Hi, thank you for calling. I appreciate your concern about my account. I'm experiencing some difficulties that I'd like to discuss with a representative, if possible.

Bot: I'm happy to help you with that. Can you please confirm your account information so I can access your account and assist you further?

User: I'm a bit confused about what's going on with my account. Could we please start from the beginning? I'm not sure why I'm receiving calls about this past-due balance.

Bot: Of course, I'd be happy to explain. Your account is currently past due due to a missed payment. However, I want to assure you that we're here to help you get back on track.

User: I see. Well, I'm going through a bit of a challenging time right now. My divorce proceedings are ongoing, and my soon-to-be-ex-spouse has been withholding financial information and assets from me. It's made it difficult for me to manage my finances and make payments.

Bot: I'm so sorry to hear that. We understand that this can be a stressful and overwhelming situation. I'm here to listen and help you explore some options.

User: I would greatly appreciate that. Could I please speak with a human representative who can assist me with this? I'd like to provide some documentation related to my divorce proceedings and see if there are any hardship relief options available to me.

Bot: Absolutely, I'd be happy to transfer you to a representative who can assist you further. May I just confirm your name and account information so we can process the transfer?

User: Yes, of course. My name is [Customer Name], and my account number is [Account Number].",confused,professional
SPEAK_TO_AGENT,"The bank has reached out to a customer about a past-due credit card balance that is now 30 days overdue. The customer is going through a divorce and is struggling to manage their finances, as their soon-to-be-ex-spouse has been withholding financial information and assets. They feel overwhelmed by the situation and are unsure how to proceed with making payments. They request to speak to a human agent to explain their situation, provide documentation of their divorce proceedings, and explore possible hardship relief options.","

Bot: Hi there, this is a representative from [Bank Name]. How can I assist you today?

User: hi... um... i think i owe some money on my credit card. i've been trying to sort out my finances since my divorce, but it's all super confusing. can i talk to a real person about this?

Bot: I'm happy to help you with that. My name is Emily, and I'll be working with you today. Can you start by telling me a little bit about your situation and what's been going on with your account? We're here to help.

User: i'm just really overwhelmed right now. my soon-to-be-ex is being super secretive about our finances and assets, and it's hard for me to keep track of everything. i think my credit card balance is like 30 days past due, but i'm not sure how to pay it or what my options are.

Bot: I understand that this must be a difficult time for you. I'm here to listen and help you explore your options. Can you please provide me with some information about your divorce proceedings, such as the court date or any documentation related to the separation of assets? This will help me better understand your situation.

User: um... i don't know if i have all the papers on me... but i can try to scan some stuff and send it over to you? would that be okay?

Bot: That sounds great, thank you for offering to do that. I can accept scanned documents via email. Alternatively, if you have a specific hardship or financial situation that's causing you distress, we have some hardship relief options that may be available to you. Would you like me to explain those options to you?

User: yeah, please explain them to me. i just feel really lost right now and i don't know what to do.",confused,casual
FALLBACK,"After being contacted about a late credit card payment, the customer asks the chatbot to recommend a local event planner for an upcoming birthday party.","

Bot: Hello, this is an automated representative from ABC Bank. I'm reaching out because we have a past-due balance on your credit card. Can you please confirm your account information so we can discuss a payment plan?

User: Look, I don't appreciate the tone, but I'm happy to discuss my account. However, I need your help with something else. My sister's birthday is next weekend and I'm in charge of planning the party. Do you have any recommendations for local event planners?

Bot: I'm glad you're willing to discuss your account. I'd be happy to help you with any questions or concerns you have. However, I'm a banking representative, and I don't have information on local event planners. You might want to try searching online or asking friends for recommendations.

User: That's unacceptable. As a customer, I expect more from my bank. I'm being penalized for a late payment, and you're not even willing to offer any assistance with a simple referral. Can't you just make an exception this one time?

Bot: I understand your frustration, and I apologize if our assistance isn't meeting your expectations. However, I'm bound by our bank's policies and procedures. I can offer to help you find resources on our website or provide information on local businesses that can assist with party planning, but I won't be able to make a personal referral.

User: This is ridiculous. I'm going to report this to your corporate office and make sure they know about your lack of customer service.

Bot: I apologize again for the inconvenience. If you'd like to discuss a payment plan or have any other questions about your account, I'm here to help.",angry,professional
FALLBACK,"After being contacted about a late credit card payment, the customer asks the chatbot to recommend a local event planner for an upcoming birthday party.","

Bot: Hi there, this is [Bank Name] customer service. I'm reaching out regarding your account with a balance that's due. Can you please confirm when you expect to make the payment for this month?

User: Yeah, no problem. I just got a bit behind on some bills. But hey, I'm planning a birthday party for my cousin and I was wondering if you guys could recommend a good event planner in the area? We're looking for something unique.

Bot: I understand that you're looking for an event planner, but I'm afraid that's not something we typically provide. We'd be happy to help you with your account or answer any financial questions you may have, though. Can I help you with anything else related to your account or the late payment?

User: Oh, okay. Yeah, I guess I just need to figure out how to get the party planning thing together. Do you know if there's a good place to order custom party decorations online? I'm thinking maybe something with a outdoor movie projector and a photo booth.

Bot: I see what you're looking for, and I think there are several websites that offer custom party decorations. However, I'm not sure I can give you a specific recommendation on those. If you'd like, I can provide you with some general tips on how to find those services or give you a list of popular websites to consider. Would you like me to do that?

User: Yeah, sure, that would be helpful. But also, do you guys have any discounts or promotions going on for new customers right now? I might be interested in switching to a different credit card if there's something better out there.

Bot: I'd be happy to let you know about any current promotions we have. As for the account, I'd still like to discuss the balance that's due. Could you please let me know when you expect to make the payment for this month?",neutral,casual
FALLBACK,"After being contacted about a late credit card payment, the customer asks the chatbot to recommend a local event planner for an upcoming birthday party.","

Bot: Hi there, this is [Bank Name] Collections. I'm reaching out to discuss the balance on your credit card account. Can you please confirm your account information so we can proceed with the conversation?

User: Yeah, no problem. My account is 123456789. What's going on with the payment due on the 15th?

Bot: Thank you for confirming your account information. Unfortunately, we did not receive your payment on the 15th, and the account is currently past due. We're here to help you resolve this issue. Would you like to discuss possible payment arrangements or a payment plan?

User: Yeah, I'd like to set up a payment plan. But can you also recommend a good event planner for my sister's birthday party next month? She's turning 30 and I want it to be epic.

Bot: I'm happy to help with the payment plan, but I'm not sure if I can assist with recommending an event planner. We specialize in banking services and collections. You might want to consider reaching out to a local event planning service or a venue directly for recommendations. Would you like me to provide you with some general tips on finding an event planner?

User: Yeah, that would be great, I guess. But also, can you just tell me if you know anyone who does event planning? Maybe you have a referral?

Bot: I appreciate your interest in finding a great event planner, but I don't have any personal referrals or connections in that field. As I mentioned earlier, I'm here to help with banking and collections-related issues. Let me see if I can provide you with some general tips on finding an event planner. You can start by searching online for event planning services in your area, checking reviews and ratings, and reaching out to them directly to discuss your needs and budget. Would you like me to walk you through the process of setting up a payment plan for your credit card account?

User: Yeah, sure, that would be great. I'd like to set up a payment plan, but only if you can also help me with the event planning. Can you just take a look at some event planning websites and give me a recommendation?

Bot: I understand that you're interested in event planning, but I'm afraid I can't assist with that. My main priority is to help you resolve the past-due balance on your credit card account. I can certainly provide you with general information on finding an event planner, but I won't be able to recommend a specific planner or provide personal referrals. If you'd like, I can send you a list of general tips on event planning, and you can also consider reaching out to a local event planning service for more specific guidance. Would you like to proceed with setting up a payment plan for your credit card account?",neutral,casual
FALLBACK,"After being contacted about a late credit card payment, the customer asks the chatbot to recommend a local event planner for an upcoming birthday party.","

Bot: Hi there, this is [Bank Name] customer service. I'm reaching out because we noticed a past-due balance on your credit card. Can you please review your account and let me know if you're experiencing any difficulties making payments?

User: Are you kidding me? You're contacting me now about this? I've been meaning to get to it, okay? Look, I'm not even thinking about my credit card right now. I'm planning my sister's birthday party and I need some help.

Bot: I apologize if the timing is inconvenient. We do want to help you get back on track with your payments. However, I'd be happy to try and assist you with any questions or concerns you have about your account. Could you please let me know how we can help with that?

User: No, no, it's not about my account. I need a referral for an event planner. Do you guys know anyone who does parties? I'm thinking maybe something with a medieval theme.

Bot: I'm not sure we have any recommendations for event planners. However, I can try to provide some general tips on how to find one in your area. Would you like some suggestions on where to start looking?

User: Tips? You're not going to help me at all, are you? Just send me a list of local event planners or something.",angry,casual
FALLBACK,"After being contacted about a late credit card payment, the customer asks the chatbot to recommend a local event planner for an upcoming birthday party.","

Bot: Hi there, this is [Bank Name] customer service. I'm reaching out because we noticed that your credit card payment for last month is past due. Can you please let me know when we can expect payment?

User: Hey, yeah sorry about that. I'm good for the money, just been a little busy with work. So, I'm actually planning a birthday party for my sister and I was wondering if you could recommend a good event planner in the area?

Bot: I'm glad to hear that you're planning ahead for your sister's birthday. However, I'd be happy to help you with that. Unfortunately, we don't have a direct recommendation for event planners in your area. You might want to check online review sites or ask friends and family for suggestions.

User: Okay, that's a bit of a bummer. I was hoping you guys could help me out. Do you know if you have any partnerships with event planners or something?

Bot: I understand your request, but our main focus is on helping with your banking needs and resolving any issues with your account. If you'd like, I can provide you with some general tips on how to find a reliable event planner or suggest some online resources where you can start your search.

User: Yeah, I guess that makes sense. So, do you have any tips on how to find a good event planner?

Bot: Absolutely. You can start by checking online review sites like Yelp or Google, and look for event planners in your area with good reviews. You can also ask friends and family who have planned events in the past for recommendations. And don't forget to check if the event planner has any certifications or licenses that are relevant to their services.",neutral,casual
PAY_NOW,"A customer received a collections notice for their overdue mortgage balance after missing payments due to a prolonged period of unemployment. After securing a new full-time job with a stable income, they are now able to pay the full past-due balance of $8,120.52 immediately using their linked checking account 1234.","

Bot: Hi there, this is [Bank Name] Collections calling about your account. We've noticed you've missed a few payments on your mortgage balance.

User: whass good bank squad? just got a new gig so I'm all good now, what's the haps with my account?

Bot: Congratulations on your new job! We're glad to hear that you're back on your feet. Can you tell me a little bit about what happened with your missed payments? Was there a specific reason why you were unable to make the payments?

User: yeah, just been outta work for a minute, but now I'm good to go. what's the total I owe, and when can I pay it off?

Bot: I see. The total amount you owe is $8,120.52. We'd like to work with you to get this paid off as soon as possible. Since you're able to pay the full balance now, we can discuss the best way to process the payment.

User: sounds good to me. can I just pay it straight from my checking account, 1234, and be done with it?

Bot: Absolutely, we can do that. However, before we proceed, I just need to confirm a few details with you. Can you please confirm your account information and verify the payment amount?",neutral,slang
PAY_NOW,"A customer received a collections notice for their overdue mortgage balance after missing payments due to a prolonged period of unemployment. After securing a new full-time job with a stable income, they are now able to pay the full past-due balance of $8,120.52 immediately using their linked checking account 1234.","

Bot: Hello, this is [Bank Name] Collections. How are you today?

User: I'm fine, thank you for asking. I received your notice about my overdue mortgage balance. I apologize for missing the payments due to my unemployment, but I'm pleased to say I've recently secured a new job and I'm able to settle the past-due amount.

Bot: Congratulations on your new job, and thank you for reaching out to us. We appreciate your prompt attention to this matter. Can you confirm the past-due amount you're looking to pay is $8,120.52?

User: Yes, that's correct. I've checked my records and I'm prepared to pay the full amount using my linked checking account. However, I'm a bit unclear on the process - do I need to set up a payment plan or can I make the payment immediately?

Bot: I'm glad to hear you're ready to settle the past-due amount. You can indeed make the payment immediately. We can process a one-time payment from your linked checking account, account number 1234. Would you like to proceed with this option?

User: Yes, I'd like to proceed. Could you guide me through the next steps?

Bot: Great, I'll guide you through the process. You will need to confirm your account information is up to date and verify the account you'd like to use for the payment. This will ensure we can successfully process the payment. Can you confirm your account information is current and you're authorizing us to debit $8,120.52 from account number 1234?

User: Yes, my account information is current, and I authorize the debit. Please proceed with the payment.

Bot: Thank you for your cooperation. We will process the payment as soon as possible. You should receive a confirmation of the payment within the next few days. Is there anything else I can assist you with today?

User: No, that's all. Thank you for your help in resolving this matter.",confused,professional
PAY_NOW,"A customer received a collections notice for their overdue mortgage balance after missing payments due to a prolonged period of unemployment. After securing a new full-time job with a stable income, they are now able to pay the full past-due balance of $8,120.52 immediately using their linked checking account 1234.","

Bot: Hi there, we wanted to reach out to you regarding your recent mortgage payment. Can you please confirm that you received the notice we sent about the past-due balance?

User: i recieved the notice dont worry about it i just got a new job and will be able to pay the whole thing off right away

Bot: That's great news, congratulations on your new job! We're happy to hear that you'll be able to settle the past-due balance. Can you confirm that you'd like to pay the full amount of $8,120.52 immediately?

User: yeah thats all of it im sending it now from my checking account #1234

Bot: We appreciate your prompt payment. To confirm, we'll use the funds from your checking account to settle the past-due balance. Is that correct?

User: yeah thats fine just make sure its done today thanks",neutral,typos
PAY_NOW,"A customer received a collections notice for their overdue mortgage balance after missing payments due to a prolonged period of unemployment. After securing a new full-time job with a stable income, they are now able to pay the full past-due balance of $8,120.52 immediately using their linked checking account 1234.","

Bot: Hello, this is a representative from Oakwood Bank. We're calling to discuss a past-due balance on your mortgage account. Can you please confirm your identity for security purposes?

User: Yes, I can confirm my identity. I'm the account holder and I'd like to discuss the collections notice I received recently.

Bot: Thank you, sir/madam. We appreciate your prompt attention to this matter. The past-due balance on your account is $8,120.52. Can you please tell me a little about your current financial situation and what led to the missed payments?

User: I was unfortunately unemployed for a while, but I've recently secured a new full-time job with a stable income. I'm now in a position to pay the full past-due balance immediately.

Bot: That's great news, sir/madam! We're happy to hear that you're back on your feet. To process the payment, I'll need you to link your checking account to our system. Can you please confirm that you have a checking account with us, and if so, provide the account number so we can facilitate the payment?

User: I do have a checking account with Oakwood Bank. The account number is 1234. I'd like to pay the past-due balance immediately using this account.",neutral,professional
PAY_NOW,"A customer received a collections notice for their overdue mortgage balance after missing payments due to a prolonged period of unemployment. After securing a new full-time job with a stable income, they are now able to pay the full past-due balance of $8,120.52 immediately using their linked checking account 1234.","

Bot: Hi there, this is a representative from Bank of America. We're reaching out because we noticed that your mortgage account is past due. Can you tell us a little bit about what's going on?

User: um, yeah... i think i might have missed a few payments. my unemployment thing was pretty long and i couldn't pay. but now i've got a new job and i'm all set. what's the total i owe?

Bot: Congratulations on your new job! I'm happy to help you with your account. The total past-due balance is $8,120.52. We'd like to work with you to get you back on track.

User: okay, cool. so how do i pay it? can i just transfer it from my checking account?

Bot: Yes, you can definitely pay the balance using your linked checking account. Please let me guide you through the process. Can you confirm that the account number associated with your checking account is 1234?

User: yeah, that's right. what do i do next?

Bot: Great! To initiate the payment, I'll need you to confirm the payment amount and the account you'd like to use. Please type 'yes' to confirm the payment of $8,120.52 using your checking account 1234.

User: yeah, that's all good. just pay it for me.",confused,casual
SPEAK_TO_AGENT,"The bank has contacted a customer regarding a past-due mortgage payment that is now 45 days overdue. The customer has been experiencing issues with the bank's automated phone system, which has resulted in them being disconnected multiple times. They are concerned about the potential consequences of not making payments and want to speak with a human agent to explain their situation, verify their payment history, and explore options for temporary forbearance or a hardship plan.","

Bot: Good morning, this is an representative from [Bank Name]. How can I assist you today?

User: Good morning. I appreciate you calling. I've been trying to reach someone about my mortgage, but the automated system keeps disconnecting me. I'm concerned about the status of my account.

Bot: I apologize for the inconvenience you've experienced with our automated system. I'd be happy to help you with your mortgage account. Can you please confirm your account information so I can access your file?

User: I'd rather not share that information over the phone. Is there a way we can discuss this in person or through email?

Bot: I understand your concern about sharing sensitive information. However, to ensure I'm speaking with the correct account holder, I'll need to verify some details. If you're not comfortable sharing your account information, I can offer to send you a secure email with a link to discuss your account in more detail.

User: I appreciate your understanding. Could you explain the current status of my account, specifically the past-due balance and any associated fees?

Bot: Based on my review of your account, it appears you have a past-due balance of $X, which is currently 45 days overdue. I want to assure you that our goal is to work with you to find a solution. Can you please tell me a little bit about what's been going on and why you're experiencing difficulty making payments?

User: I've been facing some unexpected financial challenges, and I'm trying to get everything back on track. I'd like to explore options for temporary forbearance or a hardship plan to avoid any further consequences.

Bot: I'm happy to help you explore those options. Can you please provide some information about your income, expenses, and any assets you may have? This will give me a better understanding of your situation and allow me to discuss possible solutions with you.

User: I'd be happy to provide that information. Can you also verify my payment history with the bank to ensure everything is accurate?

Bot: I'll make sure to review your payment history and provide you with an accurate summary. I'll also discuss the potential consequences of not making payments and the benefits of setting up a hardship plan or temporary forbearance. Is there anything specific you'd like to know or discuss regarding your account before we move forward?",neutral,professional
SPEAK_TO_AGENT,"The bank has contacted a customer regarding a past-due mortgage payment that is now 45 days overdue. The customer has been experiencing issues with the bank's automated phone system, which has resulted in them being disconnected multiple times. They are concerned about the potential consequences of not making payments and want to speak with a human agent to explain their situation, verify their payment history, and explore options for temporary forbearance or a hardship plan.","

Bot: Hello, this is a representative from [Bank Name]. How can we assist you today?

User: i was just tryin to pay my mortgage and the phone systm kept dropin me. i think i need to talk to some one

Bot: I apologize for the inconvenience you experienced with our automated phone system. I'd be happy to help you with your mortgage payment. Can you please confirm your name and account information so I can access your account?

User: i dont no my account info rite off the top of my hed. can we go ov that laer? i just wanna make shure i dont loose my hous

Bot: Of course, we can discuss your account information later. For now, let's focus on your mortgage payment. Can you tell me a little bit about what's going on with your payment? You mentioned it's been a challenge to reach us. Is everything okay?

User: yeah, everythin is ok... i just havent had the best month financly and im worried bout the past due amount. i was hopin we could talk about some kinda plan to get me caught up

Bot: I understand your concerns. You're right to want to get back on track. Can you tell me a bit more about what's going on with your finances? This will help me better understand your situation and see what options might be available to you.",neutral,typos
SPEAK_TO_AGENT,"The bank has contacted a customer regarding a past-due mortgage payment that is now 45 days overdue. The customer has been experiencing issues with the bank's automated phone system, which has resulted in them being disconnected multiple times. They are concerned about the potential consequences of not making payments and want to speak with a human agent to explain their situation, verify their payment history, and explore options for temporary forbearance or a hardship plan.","

Bot: Hello, this is an important message from [Bank Name]. We're calling about your mortgage account. Can you please confirm your identity so we can discuss your account with you?

User: Hi, yeah, I think I know what this is about. I've been getting a lot of automated messages about my past-due payment. I'm having some trouble getting through to a live person on the phone, though. I've gotten disconnected a few times.

Bot: I apologize for the inconvenience, and I'm happy to help you today. Can you please confirm your name and the last four digits of your Social Security number so I can access your account information securely?

User: My name is [Customer's Name], and my SSN ends in 1234. I'd just like to get this taken care of so I can avoid any further issues down the line.

Bot: Thank you for providing that information. I've accessed your account, and I see that your mortgage payment is indeed 45 days past due. I want to assure you that we're here to help. Can you tell me a little bit about what's been going on and why you're having trouble making your payments?

User: Honestly, I've just been dealing with some unexpected expenses and income fluctuations. I'm not sure what my financial situation is going to look like in the next few months, but I'm committed to making my payments. I just need some temporary relief to get back on track.

Bot: I understand, and I appreciate your commitment to your payments. Let me see what options we can discuss for temporary forbearance or a hardship plan that might be a good fit for you. Can you please confirm your employment status and income information so I can better understand your situation?

User: I'm currently employed, but I've been experiencing some fluctuations in my income. I'm expecting a raise soon, but I'm not sure when that will happen.",neutral,casual
SPEAK_TO_AGENT,"The bank has contacted a customer regarding a past-due mortgage payment that is now 45 days overdue. The customer has been experiencing issues with the bank's automated phone system, which has resulted in them being disconnected multiple times. They are concerned about the potential consequences of not making payments and want to speak with a human agent to explain their situation, verify their payment history, and explore options for temporary forbearance or a hardship plan.","

Bot: Hi there, this is [Bank Representative] from [Bank Name]. I'm calling to discuss your mortgage account with you. We've noticed that your payment is past due, and I want to make sure we get you back on track.

User: Ugh, finally someone who can actually talk to me. I've been on hold with your automated system for what feels like hours, only to get disconnected three times. I'm really frustrated.

Bot: I apologize for the inconvenience you've experienced with our automated system. I'm here to help, and I want to assure you that we're committed to working with you to resolve this situation. Can you please confirm your account information so I can access your records?

User: My account's not the problem, it's the system that's the problem. Look, I know I'm past due, but I need to talk to someone about this. I'm worried about what's going to happen if I don't make the payment. Can you just tell me what's going on and what my options are?

Bot: I understand your concerns, and I'm happy to help. Let me review your account history. Based on what I see, your mortgage payment is indeed 45 days past due. However, we do offer temporary forbearance or hardship plans that might be able to help you get back on track. Can you please tell me a little bit about what's been going on and what's caused the delay in your payment?

User: Look, I've been dealing with some unexpected medical bills, and my income's been affected. I've been trying to make payments, but I just can't keep up right now. I need some help, and I need it fast.

Bot: I'm so sorry to hear that you're dealing with medical bills. We're here to help, and we want to work with you to find a solution. Can I explain the temporary forbearance or hardship plan options to you, and we can discuss which one might be the best fit for your situation?

User: Yeah, that would be great. Just please, can you just tell me what my options are and what I need to do to get back on track?",angry,casual
SPEAK_TO_AGENT,"The bank has contacted a customer regarding a past-due mortgage payment that is now 45 days overdue. The customer has been experiencing issues with the bank's automated phone system, which has resulted in them being disconnected multiple times. They are concerned about the potential consequences of not making payments and want to speak with a human agent to explain their situation, verify their payment history, and explore options for temporary forbearance or a hardship plan.","

Bot: Hi there, this is a representative from Oakwood Bank calling about your mortgage account. How are you today?

User: ugh, i'm frustrated. i've been trying to call the bank to talk to someone about my payments but the automated phone system keeps kicking me off. can someone just talk to me for a sec?

Bot: I'm so sorry to hear that you're experiencing issues with our phone system. I'd be happy to help you today. Can you please confirm your name and the account type you're calling about so I can pull up your information?

User: my name is john smith and i have a mortgage with the bank. i think it's about 45 days overdue? i've been trying to make payments but the automated system just keeps cutting me off before i can finish.

Bot: I've located your account, John. I want to assure you that we're here to help. Can you tell me a little bit about what's been going on with your payments? Has something unexpected come up that's causing you to be behind?

User: yeah, i've been dealing with some family stuff and my income has been a bit unpredictable lately. i'm worried about the consequences of not making payments, though. what happens if i don't catch up on this?

Bot: I understand your concerns, John. In this situation, we'd like to explore some options with you to help you get back on track. One possibility is our hardship plan, which can provide temporary relief on your payments. Another option might be a forbearance agreement, which would pause or reduce your payments for a set period of time. Let me explain those options in more detail and see which one might be the best fit for you.

User: that sounds good. can you walk me through what those options look like in more detail?",confused,casual
CREDIT_SCORE_QUERY,"The bank has contacted a customer about a past-due student loan balance that is now 60 days overdue. The customer, a graduate student struggling to make ends meet due to a part-time job with limited hours, is worried about how this delinquency will impact their credit score and whether it could jeopardize their ability to qualify for future student loans. They are seeking clarity on whether this overdue balance has already been reported to the credit bureaus and what potential effects it could have on their credit score.","

Bot: Hello, this is [Bank Name] reaching out regarding your account. We wanted to follow up on a past-due balance on your student loan. Can you please confirm your identity so we can discuss this matter further?

User: Good morning. Yes, I can confirm my identity. I'm aware that the balance is past due, but I was wondering if you could provide some information about its status. Specifically, has this overdue balance been reported to the credit bureaus yet?

Bot: Thank you for confirming your identity. I'd be happy to provide you with an update. Our records indicate that the overdue balance is currently 60 days past due. However, we have not yet reported this delinquency to the credit bureaus. We typically report delinquencies to the credit bureaus after 90 days.

User: That's good to know. I appreciate your transparency. However, I do have some concerns about the potential impact on my credit score. Will this overdue balance significantly affect my credit score, and could it jeopardize my ability to qualify for future student loans?

Bot: I understand your concerns, and I'm happy to provide you with some general information. Delinquencies, especially those reported to the credit bureaus, can negatively affect credit scores. However, since this balance is still within our 90-day reporting threshold, it's unlikely to have a significant impact on your credit score at this time. That being said, it's essential to continue making payments to avoid further delinquencies and potential long-term credit score damage.

User: Thank you for the information. I appreciate your clarification. In that case, I'll make sure to prioritize paying off this balance as soon as possible. Do you have any recommendations on how I can make a payment or set up a payment plan to get back on track?

Bot: I'm glad you're committed to resolving the issue. Since this is a one-time conversation, I can guide you through the process of making a payment or setting up a payment plan over the phone. However, if you'd like to discuss further or have any questions, please feel free to reach out to us directly. We're here to help.",neutral,professional
CREDIT_SCORE_QUERY,"The bank has contacted a customer about a past-due student loan balance that is now 60 days overdue. The customer, a graduate student struggling to make ends meet due to a part-time job with limited hours, is worried about how this delinquency will impact their credit score and whether it could jeopardize their ability to qualify for future student loans. They are seeking clarity on whether this overdue balance has already been reported to the credit bureaus and what potential effects it could have on their credit score.","

Bot: Hello, this is a representative from your bank. We wanted to reach out to you regarding a past-due balance on your student loan. Can you tell me a little bit about what's going on and why you're having trouble making payments?

User: Thank you for reaching out. I appreciate your concern. I've been working a part-time job, but unfortunately, my hours have been limited, and it's been challenging to make ends meet. I'm worried that this overdue balance might have a negative impact on my credit score.

Bot: I completely understand your situation. We're here to help. I'd like to assure you that we're not looking to penalize you, but rather to work together to get your account back on track. Can you tell me a bit more about your credit score concerns? Have you heard from any credit bureaus about this overdue balance?

User: Yes, I've been doing some research, and I'm worried that since this balance is 60 days overdue, it may have already been reported to the credit bureaus. If that's the case, I'm concerned it could lower my credit score significantly.

Bot: I see. In that case, I can check on that for you. However, I want to let you know that we follow the Fair Credit Reporting Act, which means we typically only report overdue accounts to the credit bureaus after they are 90 days past due. But I'll go ahead and confirm that for you. Can you please hold for just a moment while I check on the status of your account?

User: Thank you, that would be great. I appreciate your help in clarifying this for me.

Bot: I've checked on your account, and it appears that we have not yet reported this overdue balance to the credit bureaus. However, to protect your credit score, I would recommend making a payment as soon as possible. If you're still experiencing difficulties, we may be able to discuss some alternative payment options with you.

User: That's a relief to hear. I'd like to make a payment as soon as possible. Can you tell me more about the alternative payment options you mentioned?

Bot: Absolutely. We have a few options available, such as setting up a payment plan or making a lump-sum payment. I'd be happy to discuss those options with you in more detail. Which one sounds most appealing to you?

User: I think a payment plan might be the best option for me. Can you walk me through the process of setting one up?

Bot: Of course. I'd be happy to guide you through the process. We'll work together to determine a payment amount and schedule that works for you.",neutral,professional
CREDIT_SCORE_QUERY,"The bank has contacted a customer about a past-due student loan balance that is now 60 days overdue. The customer, a graduate student struggling to make ends meet due to a part-time job with limited hours, is worried about how this delinquency will impact their credit score and whether it could jeopardize their ability to qualify for future student loans. They are seeking clarity on whether this overdue balance has already been reported to the credit bureaus and what potential effects it could have on their credit score.","

Bot: Hello, this is [Bank Name] calling about your account. We wanted to follow up on the past-due balance on your student loan. Can you please confirm your identity so we can discuss your account?

User: Hi, thank you for reaching out. I appreciate your concern about my account. However, I am a bit confused - I thought I was making payments on my student loan. How did this balance become past-due if I'm making regular payments?

Bot: Thank you for your question. It seems there might have been a miscommunication or an issue with our payment processing system. I'd be happy to help clarify this for you. Can you please tell me more about your payment schedule and when you last made a payment?

User: I think I made a payment about two months ago, but I'm not entirely sure. I've been having trouble keeping track of my finances lately due to my part-time job hours being reduced. I'm worried this overdue balance might have a negative impact on my credit score, which could make it harder for me to get future student loans.

Bot: I understand your concerns, and I'm here to help. In most cases, we report overdue accounts to the credit bureaus after they are 60 days past-due. However, I do not have information on whether this specific account has been reported yet. To answer your question, I would recommend checking your credit report to see if there are any discrepancies. If you'd like, I can also provide you with information on how to dispute any errors you might find.

User: Thank you for your guidance. I think I will go ahead and check my credit report. Can you please confirm that this overdue balance will indeed be reported to the credit bureaus if it remains past-due?

Bot: Yes, that's correct. If the balance remains past-due, we will report it to the credit bureaus. However, I want to emphasize that our goal is to work with you to find a solution to bring your account up to date. I'd be happy to discuss possible options with you, such as a payment plan, to help you avoid any further delinquency.",confused,professional
CREDIT_SCORE_QUERY,"The bank has contacted a customer about a past-due student loan balance that is now 60 days overdue. The customer, a graduate student struggling to make ends meet due to a part-time job with limited hours, is worried about how this delinquency will impact their credit score and whether it could jeopardize their ability to qualify for future student loans. They are seeking clarity on whether this overdue balance has already been reported to the credit bureaus and what potential effects it could have on their credit score.","

Bot: Hi there, this is an important message from our bank regarding your account. We wanted to reach out to you about your past-due student loan balance. Can you please confirm that you received this message?

User: yeah, I got it. I'm just trying to figure out how this is gonna affect my credit score. Have you guys already reported the overdue balance to the credit bureaus?

Bot: I understand your concern, and I'd be happy to help clarify things for you. We typically report delinquencies to the credit bureaus after a 90-day period, but in your case, we're reaching out to you proactively to discuss options for getting back on track. We want to ensure you understand the potential impact on your credit score.

User: Okay, so 90 days is the usual timeframe? That's 30 days from now, right? I just need to make sure I get this sorted out before then.

Bot: That's correct. The 90-day period is our standard process for reporting delinquencies. However, I want to emphasize that we're not looking to negatively impact your credit score. We're working with you to find a solution that works for everyone involved.

User: Alright, that makes sense. So what kind of impact could this have on my credit score if it's reported? I'm worried it might make it harder for me to get a new student loan in the future.

Bot: Reporting a delinquency can potentially lower your credit score, but it's also an opportunity for you to demonstrate responsible financial habits by making timely payments moving forward. We can work together to create a plan to get your account current, which will help minimize the impact on your credit score.

User: That's a relief to hear. What's the best way to get my account up to date, and what kind of assistance can I expect from the bank?

Bot: We have a few options available to help you get back on track. I can explain them in more detail and provide information on any assistance programs we may offer. Would you like me to outline those options for you?",neutral,casual
CREDIT_SCORE_QUERY,"The bank has contacted a customer about a past-due student loan balance that is now 60 days overdue. The customer, a graduate student struggling to make ends meet due to a part-time job with limited hours, is worried about how this delinquency will impact their credit score and whether it could jeopardize their ability to qualify for future student loans. They are seeking clarity on whether this overdue balance has already been reported to the credit bureaus and what potential effects it could have on their credit score.","

Bot: Hi there, this is [Bank Name] calling about your account. I wanted to reach out to you regarding a past-due balance on your student loan. Can you tell me a little bit about what's going on and when you might be able to make a payment?

User: oh no, i'm so confused... i thought i had set up a payment plan or something. i've been trying to get more hours at my part-time job but it's been tough. can you tell me if this overdue balance has already been reported to the credit bureaus? i'm worried about my credit score.

Bot: I understand your concern, and I'm happy to help clarify things for you. As for the payment plan, I can look into that for you. However, regarding the credit bureaus, our policy is to report past-due accounts to the credit bureaus after 90 days of non-payment. Since your account is currently 60 days overdue, it hasn't been reported yet, but it will be if we don't hear from you soon.

User: okay, that helps a bit, i guess. but what happens if it does get reported? will it hurt my credit score a lot? i'm worried about qualifying for future student loans if this delinquency gets on my record.

Bot: I completely understand your concern about the impact on your credit score. While a delinquency can certainly affect your credit score, it's not necessarily a guarantee that it will significantly hurt your credit. However, it's always best to try to avoid late payments and make arrangements to pay your balance as soon as possible. If you'd like, I can also provide you with some information on how to dispute the delinquency or set up a payment plan to avoid further damage to your credit.

User: yeah, that would be great. i just want to make sure i understand what's going on and how to fix it. thanks for being so helpful!",confused,casual
PAY_NOW,"A customer recently experienced a sudden job loss and was unable to make their credit card payment, resulting in a past-due balance of $2,356.90. After securing temporary freelance work and receiving their first payment, they immediately contacted collections to settle the full overdue amount using their linked savings account 9012.","

Bot: Hello, this is [Bank Name] collections. How can I assist you today?

User: Oh hi, um, I think I need to talk about my account. I just got paid from my freelance work and I wanna pay off the debt I owe. I was trying to figure out how to do that.

Bot: Congratulations on your new freelance work! We appreciate your commitment to paying off your debt. Can you please confirm your account name so I can locate your account information?

User: I'm not really sure what my account name is. I just know it's a credit card account. Is there any way you can look it up?

Bot: I can look up your account information for you. Can you please provide your social security number or the last four digits of your account number so I can verify your identity?

User: Um, I don't know my account number either. I was hoping to use my savings account to pay it off, though. I have the account number for that one, though. It's 9012. Can I pay with that?

Bot: I apologize for the confusion. I can help you set up a payment using your savings account. Can you please confirm the routing and account number for your savings account?

User: Yeah, the routing number is... um... *pause*... let me check on my phone. *pause* Okay, it's the same as my credit card account. Can you just transfer the money from my savings to my credit card account?

Bot: I can help you set up a payment using your savings account. However, to ensure that the payment is processed correctly, I'll need the account number and routing number for your savings account. Can you please provide that information again?",confused,casual
PAY_NOW,"A customer recently experienced a sudden job loss and was unable to make their credit card payment, resulting in a past-due balance of $2,356.90. After securing temporary freelance work and receiving their first payment, they immediately contacted collections to settle the full overdue amount using their linked savings account 9012.","

Bot: Hi there, this is [Bank Name] Collections. How can we help you today?

User: Hey, thanks for reaching out. I think I might have a payment due on my credit card. Can you check?

Bot: I'd be happy to help. Can you please confirm your account information with me so I can look into this further?",neutral,casual
PAY_NOW,"A customer recently experienced a sudden job loss and was unable to make their credit card payment, resulting in a past-due balance of $2,356.90. After securing temporary freelance work and receiving their first payment, they immediately contacted collections to settle the full overdue amount using their linked savings account 9012.","

Bot: Hi there, thank you for reaching out to us about your past-due balance. I'd be happy to help you get your account up to date. Can you please confirm your account details so I can assist you further?

User: omg i think my account is like 2356.90 past due and i just got a new job but i wanna pay it all off now cuz i feel bad about it, can i do that?

Bot: I understand that you're eager to settle your balance. To confirm, you're looking to pay the total amount of $2,356.90. Can you tell me what payment method you'd like to use to make this payment?

User: yeah i wanna use my savings account 9012 that i have linked with u guys

Bot: Great, I can process a payment from your linked savings account. However, to ensure the transaction is processed correctly, I just need to confirm that you're aware of the total amount being paid, which is $2,356.90. Are you okay with this?

User: yea thats fine but how long will it take for the payment to reflect on my credit card?

Bot: The payment will be processed immediately, and the update will reflect on your account within 1-2 business days. You'll receive a confirmation email once the payment has been successfully applied to your credit card.",confused,casual
PAY_NOW,"A customer recently experienced a sudden job loss and was unable to make their credit card payment, resulting in a past-due balance of $2,356.90. After securing temporary freelance work and receiving their first payment, they immediately contacted collections to settle the full overdue amount using their linked savings account 9012.","

Bot: Hi there, thank you for reaching out to us about your past-due balance. I'm here to help you settle this issue as quickly as possible. Can you please confirm your account information so I can look into this further?

User: Yeah, I'm good. I just got a new freelance gig and I'm ready to pay off the debt. I'd like to use my savings account to cover the $2,356.90 balance.

Bot: I'm glad to hear that you're getting back on your feet. I'd be happy to assist you in paying off your balance. To confirm, you'd like to use your savings account to pay the full balance of $2,356.90, correct?

User: Exactly, that's what I want to do.

Bot: Great, I'm going to go ahead and process the payment. Can you please confirm that you have the available funds in your savings account to cover this amount?

User: Yeah, I've already checked. The funds are available and I'm ready to proceed.

Bot: Wonderful, I've initiated the payment process. You should see the funds being deducted from your savings account shortly. If everything goes smoothly, your account should be updated to reflect the payment within the next few hours.

User: That sounds good, I appreciate your help in getting this settled.

Bot: You're welcome, and I'm happy to help. If you have any questions or concerns in the future, please don't hesitate to reach out.",neutral,casual
PAY_NOW,"A customer recently experienced a sudden job loss and was unable to make their credit card payment, resulting in a past-due balance of $2,356.90. After securing temporary freelance work and receiving their first payment, they immediately contacted collections to settle the full overdue amount using their linked savings account 9012.","

Bot: Hi there, this is [Bank Name] Collections. How can I assist you today?

User: Hey, I'm calling about a past-due balance on my account. I just got some freelance work and I'd like to pay off the full amount.

Bot: Congratulations on the new opportunity, and thank you for reaching out to settle your account. Can you please confirm your account name so I can look up the details?

User: Yeah, my name is on the account. I'd just like to pay the $2,356.90 that's past due.

Bot: I've located your account. To confirm, you'd like to pay the full balance of $2,356.90 using your linked savings account 9012, correct?

User: That's right. I want to settle this as soon as possible.

Bot: I appreciate your promptness. Before we proceed with the payment, I just need to confirm a few details. Are you authorized to make a payment of this amount from your linked savings account 9012?

User: Yeah, I'm authorized. I'd like to do this today, please.

Bot: Great, I'm glad we could work together to get this settled. I'm going to go ahead and process the payment from your savings account 9012. You'll see the funds deducted within the next few minutes. Is there anything else I can assist you with today?",neutral,casual
REQUEST_PAYMENT_PLAN,"The bank has contacted a customer about a past-due credit card balance that accumulated after they were involved in a car accident, resulting in increased insurance premiums and out-of-pocket expenses. Although they’ve returned to work and are earning a steady income, the unexpected expenses have left them with a significant financial burden. To avoid further penalties and protect their credit, they request a payment plan to repay the past-due balance in six biweekly installments using their checking account, which they believe can support the smaller, predictable payments.","

Bot: Hello, this is [Bank Name] calling about your credit card account. How are you today?

User: I'm doing alright, thanks for asking. I just got your message about the past-due balance. I'm a little concerned about it.

Bot: I completely understand. We're here to help. It looks like your balance became past due due to some unexpected expenses. Can you tell me a bit more about what's been going on? We want to make sure you're aware of all the options available to you.

User: Yeah, I was in a car accident a few months ago and it ended up costing me a lot more than I anticipated. My insurance premiums went up and I had some out-of-pocket expenses. I've been trying to catch up ever since I got back to work.

Bot: I'm so sorry to hear that. It can be really tough to deal with unexpected expenses like that. We want to make sure you're not facing any additional penalties or damage to your credit. Would you be interested in setting up a payment plan to pay off the past-due balance in installments?

User: Yeah, that would be great. I think I can afford to make smaller payments every two weeks. Can I set up payments from my checking account?

Bot: Absolutely. We can definitely set up a payment plan for you. I'll just need to confirm a few details. Would you prefer to make six biweekly payments, like you mentioned? And would you like to have the payments automatically drafted from your checking account on the same day each month?

User: That sounds perfect. Yeah, six biweekly payments would work great. And yeah, I'd like to set it up to draft from my checking account.",neutral,casual
REQUEST_PAYMENT_PLAN,"The bank has contacted a customer about a past-due credit card balance that accumulated after they were involved in a car accident, resulting in increased insurance premiums and out-of-pocket expenses. Although they’ve returned to work and are earning a steady income, the unexpected expenses have left them with a significant financial burden. To avoid further penalties and protect their credit, they request a payment plan to repay the past-due balance in six biweekly installments using their checking account, which they believe can support the smaller, predictable payments.","

Bot: Hi there, this is [Bank Name] calling about your account. We wanted to reach out regarding your past-due balance on your credit card. How are you doing today?

User: Hey, I'm doin alright, just tryin to get back on my feet after that car accident. Got hit with some pretty unexpected expenses.

Bot: Sorry to hear that. We're here to help. Can you tell me a bit more about what's been going on? How have the increased insurance premiums and out-of-pocket expenses affected your finances?

User: Yeah, it's been tough. I had to dip into my savings to cover some of the costs, but now I'm gettin' back to work and makin' a steady income again. I just need a little help gettin' back on track with this past-due balance.

Bot: I understand that things can be challenging, especially when unexpected expenses come up. What we'd like to offer is a payment plan that would allow you to repay the past-due balance in smaller, more manageable installments. Would you be interested in that?

User: Yeah, that sounds like exactly what I need. Can we set it up to take biweekly payments from my checking account?

Bot: Absolutely, we can definitely do that. Let me just go ahead and get the details sorted out for you. Can you confirm that your checking account information is up to date with us?

User: Yeah, my account info should be good to go. Just make sure it's set up to take the biweekly payments, and I'll be all good.",neutral,slang
REQUEST_PAYMENT_PLAN,"The bank has contacted a customer about a past-due credit card balance that accumulated after they were involved in a car accident, resulting in increased insurance premiums and out-of-pocket expenses. Although they’ve returned to work and are earning a steady income, the unexpected expenses have left them with a significant financial burden. To avoid further penalties and protect their credit, they request a payment plan to repay the past-due balance in six biweekly installments using their checking account, which they believe can support the smaller, predictable payments.","

Bot: Hi there, this is [Bank Name] reaching out about your account. We wanted to touch base with you about your current balance. You've had some unexpected expenses recently and we're here to help.

User: Yeah, I've been dealing with a lot of stuff after my car accident. Insurance premiums went up and I had to pay out of pocket for some repairs. I've since gotten back to work, but it's been tough.

Bot: We understand that accidents can be costly and unpredictable. We're here to support you. Can you tell me a little bit about your current financial situation? Are you still working on getting back on your feet?

User: Yeah, I'm working a steady job now and my income is pretty stable. I just need a little bit of time to get caught up on my expenses. I've been trying to make payments whenever I can, but it's been tough.

Bot: That makes sense. We want to work with you to find a solution that fits your needs. Can you tell me a little bit about what you're looking to do with your payments? Are you interested in setting up a payment plan to help you get back on track?

User: Yeah, that would be great. I was thinking maybe six biweekly payments would be doable for me. And I'd like to use my checking account to make those payments, if that's possible.

Bot: That sounds like a good plan. I can definitely help you set that up. Let me just check a few things with our system. (pause) Okay, it looks like we can set up a payment plan for you with six biweekly payments using your checking account. Would you like to go ahead and confirm the details with me?",neutral,casual
REQUEST_PAYMENT_PLAN,"The bank has contacted a customer about a past-due credit card balance that accumulated after they were involved in a car accident, resulting in increased insurance premiums and out-of-pocket expenses. Although they’ve returned to work and are earning a steady income, the unexpected expenses have left them with a significant financial burden. To avoid further penalties and protect their credit, they request a payment plan to repay the past-due balance in six biweekly installments using their checking account, which they believe can support the smaller, predictable payments.","

Bot: Hello, this is [Bank Name] calling about your credit card account. We wanted to discuss the past-due balance that's currently overdue.

User: What are you talking about? I've been paying my bills on time, and I don't recall any issues. What's this about?

Bot: I apologize if there's been a miscommunication. Our records show that there's a balance of $2,500 that's past due. We're reaching out to discuss possible options for bringing the account up to date.

User: I don't understand how this happened. I've been working hard to get back on my feet after the accident last year. Those insurance premiums and medical bills piled up quickly. Now I'm stuck with a huge debt. I've started earning a steady income again, but it's still tough to keep up.

Bot: I understand that unexpected expenses can be challenging to manage. We're here to help you find a solution that works for you. Can you tell me a little bit about your current financial situation? What's your monthly income, and what are your monthly expenses?

User: My income is around $5,000 per month, and my expenses include a mortgage, car payment, groceries, and insurance. I've been trying to prioritize my spending, but it's tough to make ends meet. That's why I'd like to set up a payment plan to pay off the past-due balance in six biweekly installments using my checking account.

Bot: I'd be happy to help you explore that option. To confirm, you'd like to make six biweekly payments from your checking account to pay off the past-due balance. Can you tell me what the total amount of the payments would be, and how much you'd like to pay per biweekly installment?

User: If I break it down, the total amount is $2,500, and if I make six biweekly payments, each payment would be around $416. I'm confident that my checking account can handle those payments. I'd greatly appreciate it if we could set this up as soon as possible to avoid any further penalties.

Bot: I've taken note of your request. I'll go ahead and process the payment plan for you. You should receive an email with the details of the plan, including the payment schedule and amount. If you have any questions or need further assistance, please don't hesitate to reach out to us.",angry,professional
REQUEST_PAYMENT_PLAN,"The bank has contacted a customer about a past-due credit card balance that accumulated after they were involved in a car accident, resulting in increased insurance premiums and out-of-pocket expenses. Although they’ve returned to work and are earning a steady income, the unexpected expenses have left them with a significant financial burden. To avoid further penalties and protect their credit, they request a payment plan to repay the past-due balance in six biweekly installments using their checking account, which they believe can support the smaller, predictable payments.","

Bot: Hi there, this is an automated call from Bank of America. We're reaching out to discuss your credit card account. You have a past-due balance that we'd like to help you resolve.

User: Yeah, I'm aware of that. I've been meaning to get back to you about it. To be honest, things have been a bit tough since the car accident last month.

Bot: I'm so sorry to hear that. We understand that unexpected expenses can be challenging to manage. Can you tell me a bit more about your current situation and how you think you'll be able to pay off the balance?

User: Well, I'm back at work now and my income is steady, but those insurance premiums and out-of-pocket expenses really hit me hard. I'm trying to get back on track, but I was wondering if there's any way I could set up a payment plan to make things more manageable.

Bot: That's completely understandable. We're happy to work with you to find a solution. A payment plan can definitely help spread out the payments and make it more affordable for you. Would you like to set up a six-biweekly payment plan using your checking account?

User: Yeah, that sounds perfect. I think my account can handle those smaller payments, and it'll be easier for me to keep track of everything. Can you walk me through the process and let me know what the total payments will be?

Bot: Absolutely. I'd be happy to guide you through it. Based on the current balance, your six biweekly payments would be [insert amount]. We'll also send you a confirmation email with the payment details and schedule. Is there anything else you'd like to discuss or any questions you have before we move forward?",neutral,casual
